{
  "multipart": [
    { "when": { "facing": "north" } ,
      "apply": { "model": "nzchairs_pack_demo:block/nuclear_waste_cask", "y": 0 }
    } ,
    { "when": { "facing": "east" } ,
      "apply": { "model": "nzchairs_pack_demo:block/nuclear_waste_cask", "y": 90 }
    } ,
    { "when": { "facing": "south" } ,
      "apply": { "model": "nzchairs_pack_demo:block/nuclear_waste_cask", "y": 180 }
    } ,
    { "when": { "facing": "west" } ,
      "apply": { "model": "nzchairs_pack_demo:block/nuclear_waste_cask", "y": 270 }
    }
  ]
}
