{
	"credit": "Made with Blockbench",
	"parent": "block/block",
	"textures": {
		"0": "nzchairs_pack_demo:block/nuclear_waste_cask",
		"particle": "nzchairs_pack_demo:block/nuclear_waste_cask"
	},
	"elements": [
		{
			"from": [2, 0, 4],
			"to": [14, 16, 12],
			"faces": {
				"north": {"uv": [1, 0, 7, 8], "texture": "#0"},
				"east": {"uv": [2, 0, 6, 8], "texture": "#0"},
				"south": {"uv": [1, 0, 7, 8], "texture": "#0"},
				"west": {"uv": [2, 0, 6, 8], "texture": "#0"},
				"up": {"uv": [1, 10, 7, 14], "texture": "#0"},
				"down": {"uv": [1, 10, 7, 14], "texture": "#0"}
			}
		},
		{
			"from": [4, -0.02, 2],
			"to": [12, 16.02, 14],
			"faces": {
				"north": {"uv": [2, 0, 6, 8], "texture": "#0"},
				"east": {"uv": [1, 0, 7, 8], "texture": "#0"},
				"south": {"uv": [2, 0, 6, 8], "texture": "#0"},
				"west": {"uv": [1, 0, 7, 8], "texture": "#0"},
				"up": {"uv": [2, 9, 6, 15], "texture": "#0"},
				"down": {"uv": [2, 9, 6, 15], "texture": "#0"}
			}
		},
		{
			"from": [4, 4, 1.99],
			"to": [12, 12, 14.01],
			"faces": {
				"north": {"uv": [8, 0, 16, 8], "texture": "#0"},
				"south": {"uv": [8, 8, 16, 16], "texture": "#0"}
			}
		},
		{
			"from": [3, -0.01, 3],
			"to": [13, 16.01, 13],
			"faces": {
				"north": {"uv": [1.5, 0.04, 6.5, 8.04], "texture": "#0"},
				"east": {"uv": [1.5, 0.04, 6.5, 8.04], "texture": "#0"},
				"south": {"uv": [1.5, 0.04, 6.5, 8.04], "texture": "#0"},
				"west": {"uv": [1.5, 0.04, 6.5, 8.04], "texture": "#0"},
				"up": {"uv": [1.5, 9.5, 6.5, 14.5], "texture": "#0"},
				"down": {"uv": [1.5, 9.5, 6.5, 14.5], "texture": "#0"}
			}
		}
	]
}